<?xml version="1.0"?>
<WLANProfile xmlns="http://www.microsoft.com/networking/WLAN/profile/v1">
    <name>{ssid}</name>
    <SSIDConfig>
        <SSID>
            <name>{ssid}</name>
        </SSID>
    </SSIDConfig>
    <connectionType>ESS</connectionType>
    <connectionMode>{connmode}</connectionMode>
    <MSM>
        <security>
            <authEncryption>
                <authentication>{auth}</authentication>
                <encryption>{encrypt}</encryption>
                <useOneX>false</useOneX>
            </authEncryption>
            <sharedKey>
                <keyType>passPhrase</keyType>
                <protected>false</protected>
                <keyMaterial>{passwd}</keyMaterial>
            </sharedKey>
        </security>
    </MSM>
    <MacRandomization xmlns="http://www.microsoft.com/networking/WLAN/profile/v3">
        <enableRandomization>false</enableRandomization>
    </MacRandomization>
</WLANProfile>
